"REF_DATE","GEO","DGUID","Coordinate","Population and dwelling counts (13): Population, 2021 [1]","Symbols","Population and dwelling counts (13): Population, 2016 [2]","Symbols","Population and dwelling counts (13): Population percentage change, 2016 to 2021 [3]","Symbols","Population and dwelling counts (13): Total private dwellings, 2021 [4]","Symbols","Population and dwelling counts (13): Total private dwellings, 2016 [5]","Symbols","Population and dwelling counts (13): Total private dwellings percentage change, 2016 to 2021 [6]","Symbols","Population and dwelling counts (13): Private dwellings occupied by usual residents, 2021 [7]","Symbols","Population and dwelling counts (13): Private dwellings occupied by usual residents, 2016 [8]","Symbols","Population and dwelling counts (13): Private dwellings occupied by usual residents percentage change, 2016 to 2021 [9]","Symbols","Population and dwelling counts (13): Land area in square kilometres, 2021 [10]","Symbols","Population and dwelling counts (13): Population density per square kilometre, 2021 [11]","Symbols","Population and dwelling counts (13): National population rank, 2021 [12]","Symbols","Population and dwelling counts (13): Province/territory population rank, 2021 [13]","Symbols"
"2021","Canada","2021A000011124","1","36991981",,"35151728",,"5.2",,"16284235",,"15412443",,"5.7",,"14978941",,"14072079",,"6.4",,"8788702.80",,"4.2",,,"...",,"..."
"2021","Newfoundland and Labrador","2021A000210","2","510550",,"519716",,"-1.8",,"269184",,"265739",,"1.3",,"223253",,"218673",,"2.1",,"358170.37",,"1.4",,,"...",,"..."
"2021","Division No.  1","2021A00031001","3","271878",,"270348",,"0.6",,"135137",,"131336",,"2.9",,"117178",,"112620",,"4.0",,"9104.58",,"29.9",,"27",,"1",
"2021","Division No.  2","2021A00031002","4","19392",,"20372",,"-4.8",,"11551",,"11497",,"0.5",,"8891",,"8737",,"1.8",,"5915.57",,"3.3",,"227",,"7",
"2021","Division No.  3","2021A00031003","5","13920",,"15560",,"-10.5",,"8046",,"8289",,"-2.9",,"6342",,"6773",,"-6.4",,"19272.11",,"0.7",,"254",,"10",
"2021","Division No.  4","2021A00031004","6","19253",,"20387",,"-5.6",,"10900",,"11338",,"-3.9",,"9196",,"9345",,"-1.6",,"7019.97",,"2.7",,"229",,"8",
"2021","Division No.  5","2021A00031005","7","40396",,"42014",,"-3.9",,"20875",,"20924",,"-0.2",,"17967",,"17890",,"0.4",,"10293.76",,"3.9",,"148",,"2",
"2021","Division No.  6","2021A00031006","8","37339",,"38345",,"-2.6",,"19498",,"19296",,"1.0",,"16489",,"16434",,"0.3",,"16043.38",,"2.3",,"158",,"3",
"2021","Division No.  7","2021A00031007","9","33044",,"34092",,"-3.1",,"20304",,"20097",,"1.0",,"14867",,"14571",,"2.0",,"9598.37",,"3.4",,"170",,"5",
"2021","Division No.  8","2021A00031008","10","33940",,"35794",,"-5.2",,"21721",,"21913",,"-0.9",,"15385",,"15587",,"-1.3",,"9234.94",,"3.7",,"167",,"4",
"2021","Division No.  9","2021A00031009","11","14733",,"15607",,"-5.6",,"9366",,"9346",,"0.2",,"6640",,"6689",,"-0.7",,"13209.48",,"1.1",,"251",,"9",
"2021","Division No. 10","2021A00031010","12","24332",,"24639",,"-1.2",,"10941",,"10758",,"1.7",,"9518",,"9193",,"3.5",,"191691.09",,"0.1",,"196",,"6",
"2021","Division No. 11","2021A00031011","13","2323",,"2558",,"-9.2",,"845",,"945",,"-10.6",,"780",,"834",,"-6.5",,"66787.13",,"0.0",,"291",,"11",
"2021","Prince Edward Island","2021A000211","14","154331",,"142907",,"8.0",,"74934",,"71119",,"5.4",,"64570",,"59472",,"8.6",,"5681.18",,"27.2",,,"...",,"..."
"2021","Kings","2021A00031101","15","18327",,"17154","r","6.8",,"9948",,"10032","r","-0.8",,"7678",,"7223","r","6.3",,"1687.58",,"10.9",,"233",,"3",
"2021","Prince","2021A00031103","16","46234",,"43910","r","5.3",,"22776",,"21916","r","3.9",,"19660",,"18355","r","7.1",,"2006.27",,"23.0",,"135",,"2",
"2021","Queens","2021A00031102","17","89770",,"81843","r","9.7",,"42210",,"39171","r","7.8",,"37232",,"33894","r","9.8",,"1987.32",,"45.2",,"74",,"1",
"2021","Nova Scotia","2021A000212","18","969383",,"923598",,"5.0",,"476007",,"458568",,"3.8",,"428228",,"401990",,"6.5",,"52824.71",,"18.4",,,"...",,"..."
"2021","Annapolis","2021A00031205","19","21252",,"20591",,"3.2",,"11612",,"11391",,"1.9",,"9855",,"9377",,"5.1",,"3183.23",,"6.7",,"214",,"10",
"2021","Antigonish","2021A00031214","20","20129",,"19301",,"4.3",,"10145",,"9842",,"3.1",,"8711",,"8129",,"7.2",,"1456.42",,"13.8",,"222",,"11",
"2021","Cape Breton","2021A00031217","21","98318",,"98722",,"-0.4",,"48020",,"47204","r","1.7",,"43799",,"43081",,"1.7",,"2457.21",,"40.0",,"66",,"2",
"2021","Colchester","2021A00031210","22","51476",,"50585",,"1.8",,"25638",,"25378",,"1.0",,"23056",,"22229",,"3.7",,"3627.50",,"14.2",,"124",,"4",
"2021","Cumberland","2021A00031211","23","30538",,"30005",,"1.8",,"18363",,"18445",,"-0.4",,"14139",,"13614",,"3.9",,"4275.77",,"7.1",,"181",,"8",
"2021","Digby","2021A00031203","24","17062",,"17323",,"-1.5",,"9681",,"9927",,"-2.5",,"8117",,"8043",,"0.9",,"2512.28",,"6.8",,"242",,"13",
"2021","Guysborough","2021A00031213","25","7373",,"7625",,"-3.3",,"4897",,"5190",,"-5.6",,"3559",,"3549",,"0.3",,"4037.16",,"1.8",,"281",,"18",
"2021","Halifax","2021A00031209","26","440072",,"403390",,"9.1",,"200619",,"187478",,"7.0",,"190650",,"173459",,"9.9",,"5477.53",,"80.3",,"18",,"1",
"2021","Hants","2021A00031208","27","45140",,"42558",,"6.1",,"20306",,"19202",,"5.7",,"18862",,"17439",,"8.2",,"3049.18",,"14.8",,"138",,"6",
"2021","Inverness","2021A00031215","28","17346",,"17235",,"0.6",,"9737",,"9876",,"-1.4",,"7693",,"7351",,"4.7",,"3817.61",,"4.5",,"240",,"12",
"2021","Kings","2021A00031207","29","62914",,"60600",,"3.8",,"30366",,"29187",,"4.0",,"27538",,"25951",,"6.1",,"2120.31",,"29.7",,"105",,"3",
"2021","Lunenburg","2021A00031206","30","48599",,"47126",,"3.1",,"27092",,"26648",,"1.7",,"22443",,"21439",,"4.7",,"2906.47",,"16.7",,"128",,"5",
"2021","Pictou","2021A00031212","31","43657",,"43748",,"-0.2",,"22410",,"22525",,"-0.5",,"19735",,"19305",,"2.2",,"2844.10",,"15.4",,"141",,"7",
"2021","Queens","2021A00031204","32","10501",,"10351",,"1.4",,"6705",,"6608",,"1.5",,"5005",,"4764",,"5.1",,"2393.44",,"4.4",,"270",,"15",
"2021","Richmond","2021A00031216","33","8914",,"8964",,"-0.6",,"5230",,"5123","r","2.1",,"4100",,"3983",,"2.9",,"1246.08",,"7.2",,"278",,"16",
"2021","Shelburne","2021A00031201","34","13704",,"13966",,"-1.9",,"7904",,"7765",,"1.8",,"6473",,"6378",,"1.5",,"2462.58",,"5.6",,"256",,"14",
"2021","Victoria","2021A00031218","35","7441",,"7089",,"5.0",,"4753",,"4437",,"7.1",,"3280",,"3101",,"5.8",,"2836.19",,"2.6",,"280",,"17",
"2021","Yarmouth","2021A00031202","36","24947",,"24419",,"2.2",,"12529",,"12342",,"1.5",,"11213",,"10798",,"3.8",,"2121.64",,"11.8",,"192",,"9",
"2021","New Brunswick","2021A000213","37","775610",,"747101",,"3.8",,"366146",,"359721",,"1.8",,"337651",,"319773",,"5.6",,"71248.50",,"10.9",,,"...",,"..."
"2021","Albert","2021A00031306","38","30749",,"29158",,"5.5",,"13476",,"13111",,"2.8",,"12913",,"12219",,"5.7",,"1806.23",,"17.0",,"179",,"9",
"2021","Carleton","2021A00031311","39","26360",,"26178","r","0.7",,"11865",,"11808","r","0.5",,"11120",,"10750","r","3.4",,"3309.06",,"8.0",,"189",,"12",
"2021","Charlotte","2021A00031302","40","26015",,"25428",,"2.3",,"13449",,"13513",,"-0.5",,"11560",,"11132",,"3.8",,"3418.24",,"7.6",,"190",,"13",
"2021","Gloucester","2021A00031315","41","78256",,"78444",,"-0.2",,"39145",,"38789",,"0.9",,"35830",,"34701",,"3.3",,"4734.30",,"16.5",,"85",,"3",
"2021","Kent","2021A00031308","42","32169",,"30475",,"5.6",,"16274",,"16251",,"0.1",,"14074",,"13236",,"6.3",,"4550.38",,"7.1",,"173",,"8",
"2021","Kings","2021A00031305","43","71184",,"68941",,"3.3",,"30283",,"29570",,"2.4",,"28464",,"27027",,"5.3",,"3482.35",,"20.4",,"93",,"5",
"2021","Madawaska","2021A00031313","44","32603",,"32741",,"-0.4",,"15851",,"15774",,"0.5",,"14905",,"14505",,"2.8",,"3454.97",,"9.4",,"171",,"7",
"2021","Northumberland","2021A00031309","45","45005",,"44952",,"0.1",,"21940",,"21792",,"0.7",,"19945",,"19362",,"3.0",,"12843.39",,"3.5",,"139",,"6",
"2021","Queens","2021A00031304","46","10998",,"10472",,"5.0",,"6854",,"7289",,"-6.0",,"5133",,"4877",,"5.2",,"3681.05",,"3.0",,"266",,"15",
"2021","Restigouche","2021A00031314","47","30700",,"30955",,"-0.8",,"15288",,"15259",,"0.2",,"14165",,"13993",,"1.2",,"8566.82",,"3.6",,"180",,"10",
"2021","Saint John","2021A00031301","48","76558",,"74020",,"3.4",,"36964",,"36825",,"0.4",,"34634",,"32852",,"5.4",,"1461.05",,"52.4",,"87",,"4",
"2021","Sunbury","2021A00031303","49","27864",,"27644",,"0.8",,"11903",,"11853",,"0.4",,"11310",,"10898",,"3.8",,"2692.97",,"10.3",,"187",,"11",
"2021","Victoria","2021A00031312","50","18312",,"18617",,"-1.6",,"9054",,"9178",,"-1.4",,"8249",,"8159",,"1.1",,"5492.85",,"3.3",,"234",,"14",
"2021","Westmorland","2021A00031307","51","163576",,"149623",,"9.3",,"75506",,"71839",,"5.1",,"70090",,"64038",,"9.5",,"3659.74",,"44.7",,"39",,"1",
"2021","York","2021A00031310","52","105261",,"99453","r","5.8",,"48294",,"46870","r","3.0",,"45259",,"42024","r","7.7",,"8095.10",,"13.0",,"61",,"2",
"2021","Quebec","2021A000224","53","8501833",,"8164361",,"4.1",,"4050164",,"3858943",,"5.0",,"3749035",,"3531663",,"6.2",,"1298599.75",,"6.5",,,"...",,"..."
"2021","Abitibi","2021A00032488","54","24764",,"24639",,"0.5",,"11784",,"11374",,"3.6",,"10941",,"10529",,"3.9",,"7627.63",,"3.2",,"194",,"60",
"2021","Abitibi-Ouest","2021A00032487","55","20526",,"20538",,"-0.1",,"10082",,"10053",,"0.3",,"9233",,"9026",,"2.3",,"3312.45",,"6.2",,"221",,"73",
"2021","Acton","2021A00032448","56","15654",,"15594",,"0.4",,"7185",,"7101",,"1.2",,"6844",,"6637",,"3.1",,"579.64",,"27.0",,"246",,"85",
"2021","Antoine-Labelle","2021A00032479","57","36462",,"35243",,"3.5",,"23909",,"23399",,"2.2",,"17839",,"16474",,"8.3",,"14809.85",,"2.5",,"160",,"51",
"2021","Argenteuil","2021A00032476","58","34752",,"32389",,"7.3",,"19600",,"19081",,"2.7",,"16223",,"14789",,"9.7",,"1234.69",,"28.1",,"165",,"53",
"2021","Arthabaska","2021A00032439","59","74348",,"72014",,"3.2",,"35556",,"33483",,"6.2",,"33166",,"31447",,"5.5",,"1887.09",,"39.4",,"90",,"23",
"2021","Avignon","2021A00032406","60","13415",,"14461",,"-7.2",,"6967",,"7340",,"-5.1",,"6281",,"6570",,"-4.4",,"3487.37",,"3.8",,"257",,"90",
"2021","Beauce-Sartigan","2021A00032429","61","53384",,"52406",,"1.9",,"25591",,"24195",,"5.8",,"24136",,"22861",,"5.6",,"1952.73",,"27.3",,"120",,"34",
"2021","Beauharnois-Salaberry","2021A00032470","62","68322",,"64320",,"6.2",,"32524",,"30151",,"7.9",,"31245",,"28865",,"8.2",,"468.48",,"145.8",,"96",,"25",
"2021","Bellechasse","2021A00032419","63","38000",,"37233",,"2.1",,"18000",,"17740",,"1.5",,"16229",,"15625",,"3.9",,"1749.91",,"21.7",,"151",,"47",
"2021","Bonaventure","2021A00032405","64","17557",,"17660",,"-0.6",,"8831",,"8744",,"1.0",,"8194",,"7898",,"3.7",,"4379.46",,"4.0",,"238",,"80",
"2021","Brome-Missisquoi","2021A00032446","65","64786",,"58314",,"11.1",,"34331",,"31470",,"9.1",,"29414",,"25865",,"13.7",,"1650.20",,"39.3",,"103",,"26",
"2021","Bécancour","2021A00032438","66","20748",,"20404",,"1.7",,"10148",,"9947",,"2.0",,"9391",,"9041",,"3.9",,"1143.13",,"18.2",,"217",,"71",
"2021","Charlevoix","2021A00032416","67","13371",,"12997",,"2.9",,"7516",,"7330",,"2.5",,"6186",,"5781",,"7.0",,"3736.80",,"3.6",,"258",,"91",
"2021","Charlevoix-Est","2021A00032415","68","15409",,"15509",,"-0.6",,"8664",,"8707",,"-0.5",,"7138",,"6980",,"2.3",,"2288.97",,"6.7",,"247",,"86",
"2021","Coaticook","2021A00032444","69","18906",,"18497",,"2.2",,"8913",,"8747",,"1.9",,"8070",,"7817",,"3.2",,"1338.86",,"14.1",,"231",,"76",
"2021","Communauté maritime des Îles-de-la-Madeleine","2021A00032401","70","12654",,"12475",,"1.4",,"6665",,"6477",,"2.9",,"5830",,"5534",,"5.3",,"187.33",,"67.5",,"263",,"93",
"2021","D'Autray","2021A00032452","71","44080",,"42189",,"4.5",,"21395",,"20768",,"3.0",,"19555",,"18223",,"7.3",,"1234.67",,"35.7",,"140",,"42",
"2021","Deux-Montagnes","2021A00032472","72","102052",,"98203",,"3.9",,"42552",,"40728",,"4.5",,"41454",,"39748",,"4.3",,"242.88",,"420.2",,"64",,"19",
"2021","Drummond","2021A00032449","73","107967",,"103397",,"4.4",,"50285",,"47581",,"5.7",,"48416",,"45334",,"6.8",,"1599.10",,"67.5",,"59",,"18",
"2021","Francheville","2021A00032437","74","158343",,"153030",,"3.5",,"79701",,"76859",,"3.7",,"75423",,"71357",,"5.7",,"1160.67",,"136.4",,"42",,"12",
"2021","Gatineau","2021A00032481","75","291041",,"276245",,"5.4",,"133225",,"125608",,"6.1",,"126476",,"118385",,"6.8",,"341.84",,"851.4",,"25",,"5",
"2021","Joliette","2021A00032461","76","71124",,"66550",,"6.9",,"33812",,"30969",,"9.2",,"32312",,"29703",,"8.8",,"417.41",,"170.4",,"94",,"24",
"2021","Kamouraska","2021A00032414","77","21307",,"21073",,"1.1",,"10674",,"10645",,"0.3",,"9414",,"9150",,"2.9",,"2241.05",,"9.5",,"213",,"69",
"2021","L'Assomption","2021A00032460","78","128087",,"124759",,"2.7",,"52508",,"50828",,"3.3",,"51578",,"49768",,"3.6",,"255.16",,"502.0",,"52",,"16",
"2021","L'Islet","2021A00032417","79","17598",,"17798",,"-1.1",,"9475",,"9924",,"-4.5",,"8206",,"8023",,"2.3",,"2097.09",,"8.4",,"236",,"78",
"2021","L'Érable","2021A00032432","80","23534",,"23425",,"0.5",,"11839",,"11315",,"4.6",,"10693",,"10270",,"4.1",,"1287.03",,"18.3",,"200",,"64",
"2021","L'Île-d'Orléans","2021A00032420","81","6817",,"7082",,"-3.7",,"3513",,"3703",,"-5.1",,"3033",,"3040",,"-0.2",,"194.58",,"35.0",,"282",,"98",
"2021","La Côte-de-Beaupré","2021A00032421","82","30240",,"28199",,"7.2",,"15487",,"14244",,"8.7",,"13027",,"11851",,"9.9",,"4845.19",,"6.2",,"184",,"58",
"2021","La Côte-de-Gaspé","2021A00032403","83","17547",,"17117",,"2.5",,"8906",,"8648",,"3.0",,"8034",,"7637",,"5.2",,"4088.39",,"4.3",,"239",,"81",
"2021","La Haute-Côte-Nord","2021A00032495","84","10278",,"10846",,"-5.2",,"5693",,"5708",,"-0.3",,"5023",,"4982",,"0.8",,"11295.82",,"0.9",,"271",,"95",
"2021","La Haute-Gaspésie","2021A00032404","85","10950",,"11316",,"-3.2",,"6222",,"6282",,"-1.0",,"5415",,"5270",,"2.8",,"5053.88",,"2.2",,"267",,"94",
"2021","La Haute-Yamaska","2021A00032447","86","92796",,"88306",,"5.1",,"43030",,"40364",,"6.6",,"41563",,"38826",,"7.0",,"636.00",,"145.9",,"71",,"20",
"2021","La Jacques-Cartier","2021A00032422","87","47813",,"43485",,"10.0",,"19877",,"18401",,"8.0",,"18301",,"16332",,"12.1",,"3183.75",,"15.0",,"131",,"39",
"2021","La Matanie","2021A00032408","88","20883",,"21301",,"-2.0",,"11728",,"11948",,"-1.8",,"10387",,"10178",,"2.1",,"3315.74",,"6.3",,"215",,"70",
"2021","La Matapédia","2021A00032407","89","17592",,"17925",,"-1.9",,"9274",,"9142",,"1.4",,"8258",,"8139",,"1.5",,"5354.53",,"3.3",,"237",,"79",
"2021","La Mitis","2021A00032409","90","18363",,"18210",,"0.8",,"9842",,"9692",,"1.5",,"8492",,"8206",,"3.5",,"2275.56",,"8.1",,"232",,"77",
"2021","La Nouvelle-Beauce","2021A00032426","91","37988",,"36785",,"3.3",,"16102",,"15502","r","3.9",,"15465",,"14792","r","4.5",,"905.33",,"42.0",,"153",,"48",
"2021","La Rivière-du-Nord","2021A00032475","92","140394",,"128170",,"9.5",,"64392",,"58580",,"9.9",,"61429",,"55009",,"11.7",,"447.88",,"313.5",,"49",,"14",
"2021","La Tuque","2021A00032490","93","15038",,"15059",,"-0.1",,"8394",,"8360",,"0.4",,"6643",,"6377",,"4.2",,"26031.84",,"0.6",,"249",,"87",
"2021","La Vallée-de-l'Or","2021A00032489","94","43347",,"43226",,"0.3",,"20944",,"20224",,"3.6",,"19648",,"19040",,"3.2",,"24094.84",,"1.8",,"143",,"44",
"2021","La Vallée-de-la-Gatineau","2021A00032483","95","20547",,"20182",,"1.8",,"14977",,"15363",,"-2.5",,"9983",,"9392",,"6.3",,"12362.49",,"1.7",,"220",,"72",
"2021","La Vallée-du-Richelieu","2021A00032457","96","131803",,"124420",,"5.9",,"53796",,"49971",,"7.7",,"52785",,"48748",,"8.3",,"587.84",,"224.2",,"50",,"15",
"2021","Lac-Saint-Jean-Est","2021A00032493","97","52475",,"52741",,"-0.5",,"25764",,"25450",,"1.2",,"23497",,"22909",,"2.6",,"2767.51",,"19.0",,"121",,"35",
"2021","Laval","2021A00032465","98","438366",,"422993",,"3.6",,"176115",,"165686",,"6.3",,"169785",,"160328",,"5.9",,"246.13",,"1781.0",,"19",,"3",
"2021","Le Domaine-du-Roy","2021A00032491","99","31095",,"31285",,"-0.6",,"16921",,"16549",,"2.2",,"14281",,"13729",,"4.0",,"17476.45",,"1.8",,"177",,"56",
"2021","Le Granit","2021A00032430","100","21948",,"21462",,"2.3",,"12679",,"12478",,"1.6",,"10254",,"9559",,"7.3",,"2731.55",,"8.0",,"210",,"68",
"2021","Le Haut-Richelieu","2021A00032456","101","121277",,"117443",,"3.3",,"55208",,"52461",,"5.2",,"52723",,"50061",,"5.3",,"934.85",,"129.7",,"54",,"17",
"2021","Le Haut-Saint-François","2021A00032441","102","22926",,"22335",,"2.6",,"11237",,"11203",,"0.3",,"9880",,"9581",,"3.1",,"2269.68",,"10.1",,"203",,"65",
"2021","Le Haut-Saint-Laurent","2021A00032469","103","22213",,"22454",,"-1.1",,"11446",,"12016",,"-4.7",,"9895",,"9666",,"2.4",,"1168.08",,"19.0",,"207",,"67",
"2021","Le Rocher-Percé","2021A00032402","104","17219",,"17282",,"-0.4",,"9110",,"8969",,"1.6",,"8319",,"8022",,"3.7",,"3074.80",,"5.6",,"241",,"82",
"2021","Le Saguenay-et-son-Fjord","2021A00032494","105","167833",,"167549",,"0.2",,"83461",,"81769",,"2.1",,"77659",,"75351",,"3.1",,"39797.25",,"4.2",,"36",,"9",
"2021","Le Val-Saint-François","2021A00032442","106","31551",,"30686",,"2.8",,"14813",,"14359",,"3.2",,"13635",,"13015",,"4.8",,"1401.56",,"22.5",,"175",,"55",
"2021","Les Appalaches","2021A00032431","107","43412",,"42346",,"2.5",,"23036",,"22714",,"1.4",,"20221",,"19669",,"2.8",,"1911.83",,"22.7",,"142",,"43",
"2021","Les Basques","2021A00032411","108","8873",,"8694",,"2.1",,"5182",,"5185",,"-0.1",,"4244",,"4065",,"4.4",,"1120.03",,"7.9",,"279",,"97",
"2021","Les Collines-de-l'Outaouais","2021A00032482","109","54498",,"49094",,"11.0",,"25105",,"23164",,"8.4",,"21103",,"18756",,"12.5",,"2025.38",,"26.9",,"119",,"33",
"2021","Les Etchemins","2021A00032428","110","16927",,"16536",,"2.4",,"8791",,"8764",,"0.3",,"7639",,"7322",,"4.3",,"1809.61",,"9.4",,"243",,"83",
"2021","Les Jardins-de-Napierville","2021A00032468","111","30339",,"27870",,"8.9",,"12446",,"11789",,"5.6",,"11859",,"11205",,"5.8",,"802.52",,"37.8",,"183",,"57",
"2021","Les Laurentides","2021A00032478","112","50777",,"45902",,"10.6",,"37057",,"36150",,"2.5",,"24959",,"21972",,"13.6",,"2457.53",,"20.7",,"125",,"37",
"2021","Les Maskoutains","2021A00032454","113","89432",,"87099",,"2.7",,"41625",,"40244",,"3.4",,"39931",,"38016",,"5.0",,"1302.15",,"68.7",,"75",,"21",
"2021","Les Moulins","2021A00032464","114","171127",,"158267",,"8.1",,"66346",,"60944",,"8.9",,"65228",,"59701",,"9.3",,"260.65",,"656.5",,"34",,"8",
"2021","Les Pays-d'en-Haut","2021A00032477","115","46906",,"41877",,"12.0",,"31300",,"29723",,"5.3",,"23530",,"20698",,"13.7",,"673.98",,"69.6",,"134",,"40",
"2021","Les Sources","2021A00032440","116","14623",,"14286",,"2.4",,"7363",,"7226",,"1.9",,"6809",,"6478",,"5.1",,"785.42",,"18.6",,"252",,"89",
"2021","Longueuil","2021A00032458","117","436785",,"415347",,"5.2",,"193701",,"183008",,"5.8",,"187260",,"175735",,"6.6",,"282.39",,"1546.7",,"20",,"4",
"2021","Lotbinière","2021A00032433","118","34586",,"31741",,"9.0",,"15843",,"14642",,"8.2",,"14741",,"13352",,"10.4",,"1662.26",,"20.8",,"166",,"54",
"2021","Lévis","2021A00032425","119","149683",,"143414",,"4.4",,"68205",,"62585",,"9.0",,"65751",,"60779",,"8.2",,"448.07",,"334.1",,"43",,"13",
"2021","Manicouagan","2021A00032496","120","30158",,"31027",,"-2.8",,"15035",,"14844",,"1.3",,"13781",,"13738",,"0.3",,"34655.04",,"0.9",,"185",,"59",
"2021","Marguerite-D'Youville","2021A00032459","121","80313",,"77550",,"3.6",,"32414",,"30532",,"6.2",,"31848",,"29942",,"6.4",,"347.10",,"231.4",,"83",,"22",
"2021","Maria-Chapdelaine","2021A00032492","122","24149",,"24793",,"-2.6",,"12185",,"11916",,"2.3",,"10967",,"10805",,"1.5",,"35501.49",,"0.7",,"198",,"62",
"2021","Maskinongé","2021A00032451","123","37292",,"36316",,"2.7",,"19380",,"19075",,"1.6",,"17241",,"16452",,"4.8",,"2367.08",,"15.8",,"159",,"50",
"2021","Matawinie","2021A00032462","124","55500",,"50435",,"10.0",,"37357",,"35858",,"4.2",,"26510",,"23139",,"14.6",,"9423.15",,"5.9",,"117",,"31",
"2021","Memphrémagog","2021A00032445","125","54797",,"50415",,"8.7",,"31920",,"30430",,"4.9",,"25600",,"22919",,"11.7",,"1317.42",,"41.6",,"118",,"32",
"2021","Minganie--Le Golfe-du-Saint-Laurent","2021A00032498","126","9849",,"11323",,"-13.0",,"5028",,"5297",,"-5.1",,"4186",,"4462",,"-6.2",,"94027.07",,"0.1",,"274",,"96",
"2021","Mirabel","2021A00032474","127","61108",,"50513",,"21.0",,"25514",,"20395",,"25.1",,"24795",,"19631",,"26.3",,"484.09",,"126.2",,"110",,"27",
"2021","Montcalm","2021A00032463","128","58680",,"52596",,"11.6",,"25557",,"23295",,"9.7",,"23989",,"21608",,"11.0",,"709.58",,"82.7",,"111",,"28",
"2021","Montmagny","2021A00032418","129","22481",,"22698",,"-1.0",,"12256",,"12079",,"1.5",,"10793",,"10421",,"3.6",,"1695.09",,"13.3",,"205",,"66",
"2021","Montréal","2021A00032466","130","2004265",,"1942044",,"3.2",,"976966",,"939112",,"4.0",,"910359",,"870373",,"4.6",,"498.29",,"4022.3",,"3",,"1",
"2021","Mékinac","2021A00032435","131","12762",,"12358",,"3.3",,"8723",,"8324",,"4.8",,"6502",,"6013",,"8.1",,"5186.22",,"2.5",,"262",,"92",
"2021","Nicolet-Yamaska","2021A00032450","132","23848",,"23159",,"3.0",,"11371",,"11045",,"3.0",,"10552",,"10085",,"4.6",,"1004.98",,"23.7",,"199",,"63",
"2021","Nord-du-Québec","2021A00032499","133","45740",,"44561",,"2.6",,"17325",,"16179",,"7.1",,"14543",,"13673",,"6.4",,"707306.52",,"0.1",,"136",,"41",
"2021","Papineau","2021A00032480","134","24308",,"22832",,"6.5",,"16059",,"15893",,"1.0",,"11504",,"10401",,"10.6",,"2903.45",,"8.4",,"197",,"61",
"2021","Pierre-De Saurel","2021A00032453","135","51843",,"51025",,"1.6",,"25885",,"25425",,"1.8",,"24724",,"23793",,"3.9",,"595.13",,"87.1",,"122",,"36",
"2021","Pontiac","2021A00032484","136","14764",,"14251",,"3.6",,"10143",,"10208",,"-0.6",,"6665",,"6203",,"7.4",,"12824.36",,"1.2",,"250",,"88",
"2021","Portneuf","2021A00032434","137","55523",,"53008",,"4.7",,"27753",,"26586",,"4.4",,"24809",,"23137",,"7.2",,"3887.88",,"14.3",,"116",,"30",
"2021","Québec","2021A00032423","138","588777",,"569717",,"3.3",,"300247",,"282180",,"6.4",,"282187",,"267144",,"5.6",,"547.60",,"1075.2",,"12",,"2",
"2021","Rimouski-Neigette","2021A00032410","139","57191",,"56650",,"1.0",,"29474",,"28811",,"2.3",,"27203",,"26113",,"4.2",,"2703.99",,"21.2",,"113",,"29",
"2021","Rivière-du-Loup","2021A00032412","140","35338",,"33958",,"4.1",,"17740",,"17019",,"4.2",,"16163",,"15155",,"6.7",,"1276.86",,"27.7",,"164",,"52",
"2021","Robert-Cliche","2021A00032427","141","19253",,"19125",,"0.7",,"8827",,"8697","r","1.5",,"8225",,"8001","r","2.8",,"839.60",,"22.9",,"229",,"75",
"2021","Roussillon","2021A00032467","142","185568",,"171443",,"8.2",,"74232",,"67868",,"9.4",,"72650",,"66264",,"9.6",,"420.44",,"441.4",,"31",,"6",
"2021","Rouville","2021A00032455","143","37889",,"36536",,"3.7",,"16199",,"15470",,"4.7",,"15755",,"14939",,"5.5",,"482.80",,"78.5",,"154",,"49",
"2021","Rouyn-Noranda","2021A00032486","144","42313",,"42334",,"0.0",,"20874",,"20568",,"1.5",,"19282",,"18851",,"2.3",,"5963.57",,"7.1",,"144",,"45",
"2021","Sept-Rivières--Caniapiscau","2021A00032497","145","38240",,"39322",,"-2.8",,"19507",,"19307",,"1.0",,"16808",,"16764",,"0.3",,"94464.35",,"0.4",,"150",,"46",
"2021","Shawinigan","2021A00032436","146","49620",,"49349",,"0.5",,"27444",,"26953",,"1.8",,"25060",,"24410",,"2.7",,"729.98",,"68.0",,"127",,"38",
"2021","Sherbrooke","2021A00032443","147","172950",,"161323",,"7.2",,"86019",,"80341",,"7.1",,"80476",,"73506",,"9.5",,"353.40",,"489.4",,"33",,"7",
"2021","Thérèse-De Blainville","2021A00032473","148","163632",,"157103",,"4.2",,"66982",,"62218",,"7.7",,"65317",,"60762",,"7.5",,"206.52",,"792.3",,"38",,"10",
"2021","Témiscamingue","2021A00032485","149","16132",,"15980",,"1.0",,"8821",,"8992",,"-1.9",,"7317",,"7129",,"2.6",,"16327.26",,"1.0",,"245",,"84",
"2021","Témiscouata","2021A00032413","150","19492",,"19574",,"-0.4",,"10778",,"10778",,"0.0",,"9146",,"8827",,"3.6",,"3900.42",,"5.0",,"225",,"74",
"2021","Vaudreuil-Soulanges","2021A00032471","151","162600",,"149349",,"8.9",,"65486",,"59474",,"10.1",,"63502",,"57515",,"10.4",,"854.19",,"190.4",,"40",,"11",
"2021","Ontario","2021A000235","152","14223942",,"13448494",,"5.8",,"5929250",,"5598391",,"5.9",,"5491201",,"5169174",,"6.2",,"892411.76",,"15.9",,,"...",,"..."
"2021","Algoma","2021A00033557","153","113777",,"114094",,"-0.3",,"59854",,"60324",,"-0.8",,"51709",,"51071",,"1.2",,"48281.36",,"2.4",,"58",,"24",
"2021","Brant","2021A00033529","154","144771",,"134808",,"7.4",,"58250",,"54626",,"6.6",,"56202",,"52722",,"6.6",,"1094.10",,"132.3",,"47",,"19",
"2021","Bruce","2021A00033541","155","73396",,"68147",,"7.7",,"42592",,"41183",,"3.4",,"31112",,"28866",,"7.8",,"4076.22",,"18.0",,"91",,"37",
"2021","Chatham-Kent","2021A00033536","156","104316",,"102042",,"2.2",,"46921",,"46287",,"1.4",,"44178",,"43174",,"2.3",,"2464.53",,"42.3",,"62",,"26",
"2021","Cochrane","2021A00033556","157","77963",,"79682",,"-2.2",,"37667",,"37974",,"-0.8",,"33772",,"34012",,"-0.7",,"139784.03",,"0.6",,"86",,"35",
"2021","Dufferin","2021A00033522","158","66257",,"61735",,"7.3",,"24388",,"22888","r","6.6",,"23310",,"21917","r","6.4",,"1486.77",,"44.6",,"100",,"39",
"2021","Durham","2021A00033518","159","696992",,"645862",,"7.9",,"250559",,"233936",,"7.1",,"243048",,"227906",,"6.6",,"2521.11",,"276.5",,"10",,"5",
"2021","Elgin","2021A00033534","160","94752",,"88978",,"6.5",,"38889",,"36613",,"6.2",,"37278",,"34995",,"6.5",,"1878.57",,"50.4",,"70",,"30",
"2021","Essex","2021A00033537","161","422860",,"398953",,"6.0",,"174446",,"168569",,"3.5",,"165787",,"159053",,"4.2",,"1844.21",,"229.3",,"21",,"12",
"2021","Frontenac","2021A00033510","162","161780",,"150480","r","7.5",,"80226",,"77157","r","4.0",,"69984",,"64297","r","8.8",,"3725.82",,"43.4",,"41",,"15",
"2021","Greater Sudbury / Grand Sudbury","2021A00033553","163","166128",,"161647",,"2.8",,"76036",,"75103",,"1.2",,"71525",,"69200",,"3.4",,"3196.85",,"52.0",,"37",,"14",
"2021","Grey","2021A00033542","164","100905",,"93830",,"7.5",,"50183",,"47560",,"5.5",,"42309",,"39563",,"6.9",,"4497.93",,"22.4",,"65",,"28",
"2021","Haldimand-Norfolk","2021A00033528","165","116872",,"109787",,"6.5",,"50853",,"48249",,"5.4",,"46365",,"43559",,"6.4",,"2883.80",,"40.5",,"56",,"22",
"2021","Haliburton","2021A00033546","166","20571",,"18062",,"13.9",,"21072",,"21113",,"-0.2",,"9714",,"8443",,"15.1",,"4009.47",,"5.1",,"218",,"47",
"2021","Halton","2021A00033524","167","596637",,"548435",,"8.8",,"214322",,"198164",,"8.2",,"208601",,"192977",,"8.1",,"965.71",,"617.8",,"11",,"6",
"2021","Hamilton","2021A00033525","168","569353",,"536917",,"6.0",,"233564",,"222918",,"4.8",,"222807",,"211596",,"5.3",,"1118.31",,"509.1",,"14",,"8",
"2021","Hastings","2021A00033512","169","145746",,"136445",,"6.8",,"68518",,"65136",,"5.2",,"61141",,"57017",,"7.2",,"6013.35",,"24.2",,"46",,"18",
"2021","Huron","2021A00033540","170","61366",,"59297",,"3.5",,"29455",,"28369",,"3.8",,"25334",,"24194",,"4.7",,"3398.28",,"18.1",,"109",,"41",
"2021","Kawartha Lakes","2021A00033516","171","79247",,"75423",,"5.1",,"38947",,"38444",,"1.3",,"32708",,"31106",,"5.2",,"3033.66",,"26.1",,"84",,"34",
"2021","Kenora","2021A00033560","172","66000",,"65533",,"0.7",,"32914",,"31191",,"5.5",,"24818",,"23931",,"3.7",,"395432.07",,"0.2",,"101",,"40",
"2021","Lambton","2021A00033538","173","128154",,"126638",,"1.2",,"60322",,"59777",,"0.9",,"55205",,"54481",,"1.3",,"2999.93",,"42.7",,"51",,"20",
"2021","Lanark","2021A00033509","174","75760",,"68698",,"10.3",,"35441",,"32695",,"8.4",,"31909",,"28580",,"11.6",,"2986.71",,"25.4",,"88",,"36",
"2021","Leeds and Grenville","2021A00033507","175","104070",,"100527","r","3.5",,"49557",,"48215","r","2.8",,"44618",,"42739","r","4.4",,"3355.61",,"31.0",,"63",,"27",
"2021","Lennox and Addington","2021A00033511","176","45182",,"42883","r","5.4",,"20094",,"19682","r","2.1",,"17891",,"17051","r","4.9",,"2792.72",,"16.2",,"137",,"43",
"2021","Manitoulin","2021A00033551","177","13935",,"13255",,"5.1",,"9302",,"9537",,"-2.5",,"6144",,"5748",,"6.9",,"3073.54",,"4.5",,"253",,"49",
"2021","Middlesex","2021A00033539","178","500563",,"455526",,"9.9",,"216736",,"203349",,"6.6",,"204157",,"190045",,"7.4",,"3317.76",,"150.9",,"16",,"10",
"2021","Muskoka","2021A00033544","179","66674",,"60614","r","10.0",,"47560",,"46220","r","2.9",,"28571",,"25437","r","12.3",,"3839.47",,"17.4",,"99",,"38",
"2021","Niagara","2021A00033526","180","477941",,"447888",,"6.7",,"207926",,"196241",,"6.0",,"195914",,"183828",,"6.6",,"1852.82",,"258.0",,"17",,"11",
"2021","Nipissing","2021A00033548","181","84716",,"83150",,"1.9",,"41974",,"41200",,"1.9",,"37252",,"36050",,"3.3",,"16986.20",,"5.0",,"79",,"32",
"2021","Northumberland","2021A00033514","182","89365",,"85598",,"4.4",,"40638",,"39032",,"4.1",,"37328",,"35686",,"4.6",,"1907.40",,"46.9",,"76",,"31",
"2021","Ottawa","2021A00033506","183","1017449",,"934243",,"8.9",,"427113",,"395985",,"7.9",,"407252",,"373756",,"9.0",,"2788.20",,"364.9",,"8",,"4",
"2021","Oxford","2021A00033532","184","121781",,"110846","r","9.9",,"49445",,"45345","r","9.0",,"47876",,"44261","r","8.2",,"2038.18",,"59.7",,"53",,"21",
"2021","Parry Sound","2021A00033549","185","46909",,"42824",,"9.5",,"35640",,"35226",,"1.2",,"20848",,"18679",,"11.6",,"9113.92",,"5.1",,"133",,"42",
"2021","Peel","2021A00033521","186","1451022",,"1381739",,"5.0",,"467970",,"443919","r","5.4",,"450746",,"430181","r","4.8",,"1247.45",,"1163.2",,"6",,"2",
"2021","Perth","2021A00033531","187","81565",,"76812","r","6.2",,"34062",,"31752","r","7.3",,"32772",,"30718","r","6.7",,"2218.24",,"36.8",,"82",,"33",
"2021","Peterborough","2021A00033515","188","147681",,"138236",,"6.8",,"73045",,"70551",,"3.5",,"61741",,"57743",,"6.9",,"3779.47",,"39.1",,"44",,"16",
"2021","Prescott and Russell","2021A00033502","189","95639",,"89333",,"7.1",,"39616",,"36783",,"7.7",,"38338",,"35389",,"8.3",,"2004.27",,"47.7",,"68",,"29",
"2021","Prince Edward","2021A00033513","190","25704",,"24735",,"3.9",,"13557",,"12899",,"5.1",,"11332",,"10728",,"5.6",,"1052.61",,"24.4",,"191",,"45",
"2021","Rainy River","2021A00033559","191","19437",,"20110",,"-3.3",,"10679",,"11217",,"-4.8",,"8315",,"8432",,"-1.4",,"15400.95",,"1.3",,"226",,"48",
"2021","Renfrew","2021A00033547","192","106365",,"102394",,"3.9",,"51134",,"49860",,"2.6",,"44952",,"42779",,"5.1",,"7357.94",,"14.5",,"60",,"25",
"2021","Simcoe","2021A00033543","193","533169",,"479635","r","11.2",,"225087",,"206536","r","9.0",,"202824",,"183530","r","10.5",,"4818.93",,"110.6",,"15",,"9",
"2021","Stormont, Dundas and Glengarry","2021A00033501","194","114637",,"113448","r","1.0",,"50802",,"50466","r","0.7",,"48692",,"47839","r","1.8",,"3308.85",,"34.6",,"57",,"23",
"2021","Sudbury","2021A00033552","195","22368",,"21546",,"3.8",,"13453",,"12557",,"7.1",,"9915",,"9375",,"5.8",,"39896.79",,"0.6",,"206",,"46",
"2021","Thunder Bay","2021A00033558","196","146862",,"146048",,"0.6",,"72510",,"72551",,"-0.1",,"64601",,"62999",,"2.5",,"102895.48",,"1.4",,"45",,"17",
"2021","Timiskaming","2021A00033554","197","31424",,"32251",,"-2.6",,"16290",,"16862",,"-3.4",,"14132",,"14395",,"-1.8",,"13247.40",,"2.4",,"176",,"44",
"2021","Toronto","2021A00033520","198","2794356",,"2731571",,"2.3",,"1253238",,"1179057",,"6.3",,"1160892",,"1112929",,"4.3",,"631.10",,"4427.8",,"1",,"1",
"2021","Waterloo","2021A00033530","199","587165",,"535154",,"9.7",,"233253",,"214299",,"8.8",,"222426",,"203832",,"9.1",,"1370.07",,"428.6",,"13",,"7",
"2021","Wellington","2021A00033523","200","241026",,"222726",,"8.2",,"97287",,"90846",,"7.1",,"91822",,"85281",,"7.7",,"2665.36",,"90.4",,"28",,"13",
"2021","York","2021A00033519","201","1173334",,"1109909",,"5.7",,"405863",,"369928",,"9.7",,"391034",,"357084",,"9.5",,"1758.27",,"667.3",,"7",,"3",
"2021","Manitoba","2021A000246","202","1342153",,"1278365",,"5.0",,"571528",,"539748",,"5.9",,"518054",,"489050",,"5.9",,"540310.19",,"2.5",,,"...",,"..."
"2021","Division No.  1","2021A00034601","203","20114",,"18534",,"8.5",,"17862",,"17236",,"3.6",,"8761",,"8080",,"8.4",,"14801.95",,"1.4",,"223",,"13",
"2021","Division No.  2","2021A00034602","204","83878",,"75571",,"11.0",,"29918",,"26604",,"12.5",,"28643",,"25466",,"12.5",,"4420.93",,"19.0",,"80",,"2",
"2021","Division No.  3","2021A00034603","205","57363",,"54796",,"4.7",,"20814",,"19419",,"7.2",,"19933",,"18719",,"6.5",,"5285.65",,"10.9",,"112",,"4",
"2021","Division No.  4","2021A00034604","206","9665",,"9986",,"-3.2",,"4089",,"4206",,"-2.8",,"3580",,"3702",,"-3.3",,"4489.22",,"2.2",,"275",,"21",
"2021","Division No.  5","2021A00034605","207","13326",,"13176",,"1.1",,"7027",,"6945",,"1.2",,"5553",,"5442",,"2.0",,"8282.38",,"1.6",,"259",,"17",
"2021","Division No.  6","2021A00034606","208","9906",,"10317",,"-4.0",,"4563",,"4703",,"-3.0",,"3965",,"4102",,"-3.3",,"4024.15",,"2.5",,"273",,"20",
"2021","Division No.  7","2021A00034607","209","70896",,"68746",,"3.1",,"30404",,"29333",,"3.7",,"28490",,"27632",,"3.1",,"6333.21",,"11.2",,"95",,"3",
"2021","Division No.  8","2021A00034608","210","13877",,"13968",,"-0.7",,"4827",,"5008",,"-3.6",,"4453",,"4638",,"-4.0",,"5843.87",,"2.4",,"255",,"16",
"2021","Division No.  9","2021A00034609","211","24339",,"24391",,"-0.2",,"10119",,"9807",,"3.2",,"9260",,"9169",,"1.0",,"3009.17",,"8.1",,"195",,"9",
"2021","Division No. 10","2021A00034610","212","12913",,"11941",,"8.1",,"4179",,"3786",,"10.4",,"4048",,"3678",,"10.1",,"1914.19",,"6.7",,"261",,"18",
"2021","Division No. 11","2021A00034611","213","753938",,"708823",,"6.4",,"316807",,"295343",,"7.3",,"301738",,"282116",,"7.0",,"569.31",,"1324.3",,"9",,"1",
"2021","Division No. 12","2021A00034612","214","24863",,"23683",,"5.0",,"9777",,"9300",,"5.1",,"9331",,"8875",,"5.1",,"1851.28",,"13.4",,"193",,"8",
"2021","Division No. 13","2021A00034613","215","51643",,"49086",,"5.2",,"22257",,"20847",,"6.8",,"19767",,"18426",,"7.3",,"1662.28",,"31.1",,"123",,"5",
"2021","Division No. 14","2021A00034614","216","19749",,"18621",,"6.1",,"7573",,"6967",,"8.7",,"7142",,"6652",,"7.4",,"2833.41",,"7.0",,"224",,"14",
"2021","Division No. 15","2021A00034615","217","23304",,"21379",,"9.0",,"11472",,"10696",,"7.3",,"9193",,"8564",,"7.3",,"8744.51",,"2.7",,"201",,"10",
"2021","Division No. 16","2021A00034616","218","9945",,"9848",,"1.0",,"5087",,"4986",,"2.0",,"4216",,"4121",,"2.3",,"4706.83",,"2.1",,"272",,"19",
"2021","Division No. 17","2021A00034617","219","21996",,"22205",,"-0.9",,"11521",,"11646",,"-1.1",,"9468",,"9459",,"0.1",,"13630.54",,"1.6",,"209",,"11",
"2021","Division No. 18","2021A00034618","220","26636",,"24155","r","10.3",,"16310",,"15528",,"5.0",,"11025",,"10038",,"9.8",,"11362.44",,"2.3",,"188",,"7",
"2021","Division No. 19","2021A00034619","221","15381",,"16399","r","-6.2",,"7625",,"7984",,"-4.5",,"4825",,"4817",,"0.2",,"60536.43",,"0.3",,"248",,"15",
"2021","Division No. 20","2021A00034620","222","9634",,"9621",,"0.1",,"4894",,"4919",,"-0.5",,"4174",,"4177",,"-0.1",,"9825.79",,"1.0",,"276",,"22",
"2021","Division No. 21","2021A00034621","223","21871",,"21983",,"-0.5",,"9632",,"9162",,"5.1",,"8089",,"7863",,"2.9",,"42801.19",,"0.5",,"211",,"12",
"2021","Division No. 22","2021A00034622","224","42226",,"42165",,"0.1",,"12478",,"12356",,"1.0",,"10871",,"10891",,"-0.2",,"89802.82",,"0.5",,"145",,"6",
"2021","Division No. 23","2021A00034623","225","4690",,"8971",,"-47.7",,"2293",,"2967",,"-22.7",,"1529",,"2423",,"-36.9",,"233578.64",,"0.0",,"286",,"23",
"2021","Saskatchewan","2021A000247","226","1132505",,"1098352",,"3.1",,"513725",,"495582",,"3.7",,"449581",,"432622",,"3.9",,"577060.40",,"2.0",,,"...",,"..."
"2021","Division No.  1","2021A00034701","227","30351",,"31766",,"-4.5",,"15608",,"15738",,"-0.8",,"12565",,"12890",,"-2.5",,"14654.35",,"2.1",,"182",,"12",
"2021","Division No.  2","2021A00034702","228","22497",,"22825",,"-1.4",,"10642",,"10741",,"-0.9",,"9362",,"9389",,"-0.3",,"16535.88",,"1.4",,"204",,"14",
"2021","Division No.  3","2021A00034703","229","12262",,"12610",,"-2.8",,"6186",,"6173",,"0.2",,"5198",,"5358",,"-3.0",,"18319.12",,"0.7",,"264",,"17",
"2021","Division No.  4","2021A00034704","230","10872",,"10854",,"0.2",,"5337",,"5262",,"1.4",,"4204",,"4181",,"0.6",,"21149.45",,"0.5",,"268",,"18",
"2021","Division No.  5","2021A00034705","231","31583",,"31750",,"-0.5",,"15723",,"15738",,"-0.1",,"13383",,"13560",,"-1.3",,"14441.65",,"2.2",,"174",,"10",
"2021","Division No.  6","2021A00034706","232","276564",,"262837",,"5.2",,"122908",,"116531",,"5.5",,"111468",,"105686",,"5.5",,"17363.04",,"15.9",,"26",,"2",
"2021","Division No.  7","2021A00034707","233","47413",,"47195",,"0.5",,"23339",,"22895",,"1.9",,"20082",,"19760",,"1.6",,"18707.37",,"2.5",,"132",,"5",
"2021","Division No.  8","2021A00034708","234","30840",,"30718",,"0.4",,"14833",,"14534",,"2.1",,"12739",,"12759",,"-0.2",,"22356.91",,"1.4",,"178",,"11",
"2021","Division No.  9","2021A00034709","235","36047",,"35634",,"1.2",,"18216",,"18041",,"1.0",,"15454",,"15297",,"1.0",,"14851.26",,"2.4",,"161",,"7",
"2021","Division No. 10","2021A00034710","236","16483",,"16563",,"-0.5",,"8226",,"8427",,"-2.4",,"6956",,"6980",,"-0.3",,"11922.33",,"1.4",,"244",,"16",
"2021","Division No. 11","2021A00034711","237","326109",,"303423",,"7.5",,"139667",,"129632",,"7.7",,"129032",,"119128",,"8.3",,"16602.58",,"19.6",,"23",,"1",
"2021","Division No. 12","2021A00034712","238","23208",,"23986",,"-3.2",,"10216",,"10076",,"1.4",,"9119",,"9226",,"-1.2",,"13788.22",,"1.7",,"202",,"13",
"2021","Division No. 13","2021A00034713","239","22047",,"23224",,"-5.1",,"10295",,"10510",,"-2.0",,"8740",,"9107",,"-4.0",,"17182.12",,"1.3",,"208",,"15",
"2021","Division No. 14","2021A00034714","240","35428",,"36096",,"-1.9",,"18070",,"18261",,"-1.0",,"14968",,"15225",,"-1.7",,"33676.06",,"1.1",,"163",,"9",
"2021","Division No. 15","2021A00034715","241","88988",,"85908",,"3.6",,"39512",,"38751",,"2.0",,"33385",,"32232",,"3.6",,"19399.03",,"4.6",,"78",,"3",
"2021","Division No. 16","2021A00034716","242","37993",,"37999",,"0.0",,"19000",,"18762",,"1.3",,"14886",,"14663",,"1.5",,"21607.42",,"1.8",,"152",,"6",
"2021","Division No. 17","2021A00034717","243","47834",,"47900",,"-0.1",,"23104",,"22846",,"1.1",,"17565",,"16947",,"3.6",,"22222.67",,"2.2",,"130",,"4",
"2021","Division No. 18","2021A00034718","244","35986",,"37064",,"-2.9",,"12843",,"12664",,"1.4",,"10475",,"10234",,"2.4",,"262280.94",,"0.1",,"162",,"8",
"2021","Alberta","2021A000248","245","4262635",,"4067175",,"4.8",,"1772670",,"1654129",,"7.2",,"1633220",,"1527678",,"6.9",,"634658.27",,"6.7",,,"...",,"..."
"2021","Division No.  1","2021A00034801","246","82513",,"82627",,"-0.1",,"36097",,"35331",,"2.2",,"33807",,"33230",,"1.7",,"20277.52",,"4.1",,"81",,"7",
"2021","Division No.  2","2021A00034802","247","178513",,"169729",,"5.2",,"70936",,"66991",,"5.9",,"66523",,"62823",,"5.9",,"17456.33",,"10.2",,"32",,"4",
"2021","Division No.  3","2021A00034803","248","40768",,"38956",,"4.7",,"16229",,"15405",,"5.3",,"14163",,"13378",,"5.9",,"13725.07",,"3.0",,"146",,"13",
"2021","Division No.  4","2021A00034804","249","9220",,"9573",,"-3.7",,"4293",,"4174",,"2.9",,"3623",,"3739",,"-3.1",,"21055.21",,"0.4",,"277",,"19",
"2021","Division No.  5","2021A00034805","250","55784",,"55708",,"0.1",,"22579",,"22044",,"2.4",,"20451",,"20020",,"2.2",,"16651.23",,"3.4",,"115",,"12",
"2021","Division No.  6","2021A00034806","251","1590639",,"1498778",,"6.1",,"638160",,"586269",,"8.9",,"604628",,"558912",,"8.2",,"12614.18",,"126.1",,"4",,"1",
"2021","Division No.  7","2021A00034807","252","40684",,"41574",,"-2.1",,"18726",,"18246",,"2.6",,"16112",,"16009",,"0.6",,"18909.66",,"2.2",,"147",,"14",
"2021","Division No.  8","2021A00034808","253","213470",,"209395",,"1.9",,"92439",,"88994",,"3.9",,"83983",,"80649",,"4.1",,"9890.05",,"21.6",,"30",,"3",
"2021","Division No.  9","2021A00034809","254","20569",,"20869",,"-1.4",,"9414",,"9210",,"2.2",,"8138",,"7933",,"2.6",,"18834.93",,"1.1",,"219",,"17",
"2021","Division No. 10","2021A00034810","255","95455",,"97449",,"-2.0",,"42973",,"42796",,"0.4",,"38161",,"38242",,"-0.2",,"20134.12",,"4.7",,"69",,"6",
"2021","Division No. 11","2021A00034811","256","1462041",,"1366050",,"7.0",,"609810",,"557547",,"9.4",,"565756",,"518951",,"9.0",,"15746.42",,"92.8",,"5",,"2",
"2021","Division No. 12","2021A00034812","257","67483",,"67120",,"0.5",,"30557",,"30281",,"0.9",,"25554",,"24500",,"4.3",,"31816.86",,"2.1",,"98",,"10",
"2021","Division No. 13","2021A00034813","258","68076",,"71016",,"-4.1",,"34696",,"34788",,"-0.3",,"27482",,"27840",,"-1.3",,"24308.74",,"2.8",,"97",,"9",
"2021","Division No. 14","2021A00034814","259","28617",,"29291",,"-2.3",,"13032",,"13153",,"-0.9",,"11552",,"11598",,"-0.4",,"26902.83",,"1.1",,"186",,"16",
"2021","Division No. 15","2021A00034815","260","37735",,"38594",,"-2.2",,"19121",,"17542",,"9.0",,"15085",,"13900",,"8.5",,"28270.14",,"1.3",,"157",,"15",
"2021","Division No. 16","2021A00034816","261","74543",,"73988",,"0.8",,"31233",,"31535",,"-1.0",,"26592",,"26338",,"1.0",,"94072.31",,"0.8",,"89",,"8",
"2021","Division No. 17","2021A00034817","262","62132",,"61590",,"0.9",,"24540",,"23895",,"2.7",,"20539",,"19747",,"4.0",,"190433.83",,"0.3",,"107",,"11",
"2021","Division No. 18","2021A00034818","263","13226",,"14488",,"-8.7",,"6219",,"6590",,"-5.6",,"4999",,"5320",,"-6.0",,"33104.45",,"0.4",,"260",,"18",
"2021","Division No. 19","2021A00034819","264","121167",,"120380",,"0.7",,"51616",,"49338",,"4.6",,"46072",,"44549",,"3.4",,"20454.38",,"5.9",,"55",,"5",
"2021","British Columbia","2021A000259","265","5000879",,"4648055",,"7.6",,"2211694",,"2063417",,"7.2",,"2041834",,"1881969",,"8.5",,"920686.55",,"5.4",,,"...",,"..."
"2021","Alberni-Clayoquot","2021A00035923","266","33521",,"30981",,"8.2",,"16704",,"15490",,"7.8",,"14615",,"13654",,"7.0",,"6577.08",,"5.1",,"168",,"21",
"2021","Bulkley-Nechako","2021A00035951","267","37737",,"37896",,"-0.4",,"17618",,"17564",,"0.3",,"15399",,"15101",,"2.0",,"73203.22",,"0.5",,"156",,"20",
"2021","Capital","2021A00035917","268","415451",,"383360",,"8.4",,"198435",,"183562",,"8.1",,"185206",,"170157",,"8.8",,"2338.22",,"177.7",,"22",,"2",
"2021","Cariboo","2021A00035941","269","62931",,"61988",,"1.5",,"32395",,"31680",,"2.3",,"27614",,"26699",,"3.4",,"80373.79",,"0.8",,"104",,"13",
"2021","Central Coast","2021A00035945","270","3582",,"3319",,"7.9",,"1671",,"1531",,"9.1",,"1381",,"1284",,"7.6",,"24433.73",,"0.1",,"288",,"28",
"2021","Central Kootenay","2021A00035903","271","62509",,"59517",,"5.0",,"31588",,"30726",,"2.8",,"28006",,"27016",,"3.7",,"22078.10",,"2.8",,"106",,"14",
"2021","Central Okanagan","2021A00035935","272","222162",,"194892","r","14.0",,"102097",,"88379","r","15.5",,"94335",,"81386","r","15.9",,"2902.45",,"76.5",,"29",,"4",
"2021","Columbia-Shuswap","2021A00035939","273","57021",,"51366",,"11.0",,"31161",,"29798",,"4.6",,"24595",,"22454",,"9.5",,"28885.82",,"2.0",,"114",,"16",
"2021","Comox Valley","2021A00035926","274","72445",,"66527",,"8.9",,"34412",,"32076",,"7.3",,"31939",,"29573",,"8.0",,"1697.03",,"42.7",,"92",,"11",
"2021","Cowichan Valley","2021A00035919","275","89013",,"83739",,"6.3",,"40174",,"37919",,"5.9",,"37290",,"35272",,"5.7",,"3472.48",,"25.6",,"77",,"10",
"2021","East Kootenay","2021A00035901","276","65896",,"60439",,"9.0",,"35931",,"34197",,"5.1",,"28264",,"25863",,"9.3",,"27514.10",,"2.4",,"102",,"12",
"2021","Fraser Valley","2021A00035909","277","324005",,"295934",,"9.5",,"124988",,"116080",,"7.7",,"118217",,"108393",,"9.1",,"13319.34",,"24.3",,"24",,"3",
"2021","Fraser-Fort George","2021A00035953","278","96979",,"94506",,"2.6",,"43377",,"41666",,"4.1",,"40224",,"38600",,"4.2",,"50580.72",,"1.9",,"67",,"7",
"2021","Greater Vancouver","2021A00035915","279","2642825",,"2463431",,"7.3",,"1104532",,"1027613",,"7.5",,"1043319",,"960894",,"8.6",,"2878.93",,"918.0",,"2",,"1",
"2021","Kitimat-Stikine","2021A00035949","280","37790",,"37367",,"1.1",,"17386",,"16922",,"2.7",,"15306",,"14822",,"3.3",,"104307.25",,"0.4",,"155",,"19",
"2021","Kootenay Boundary","2021A00035905","281","33152",,"31447",,"5.4",,"18998",,"18321",,"3.7",,"15190",,"14339",,"5.9",,"8080.76",,"4.1",,"169",,"22",
"2021","Mount Waddington","2021A00035943","282","10839",,"11035",,"-1.8",,"5743",,"5963",,"-3.7",,"4876",,"4850",,"0.5",,"20186.47",,"0.5",,"269",,"26",
"2021","Nanaimo","2021A00035921","283","170367",,"155698",,"9.4",,"80056",,"73622",,"8.7",,"75273",,"68904",,"9.2",,"2035.93",,"83.7",,"35",,"5",
"2021","North Okanagan","2021A00035937","284","91610",,"84344","r","8.6",,"42722",,"39965","r","6.9",,"38821",,"35872","r","8.2",,"7497.23",,"12.2",,"72",,"8",
"2021","Northern Rockies","2021A00035959","285","4478",,"5393",,"-17.0",,"2523",,"2593",,"-2.7",,"1918",,"2182",,"-12.1",,"84858.88",,"0.1",,"287",,"27",
"2021","Okanagan-Similkameen","2021A00035907","286","90178",,"83022",,"8.6",,"46436",,"42894",,"8.3",,"40981",,"37673",,"8.8",,"10406.64",,"8.7",,"73",,"9",
"2021","Peace River","2021A00035955","287","61532",,"62942",,"-2.2",,"28683",,"28746",,"-0.2",,"24902",,"24264",,"2.6",,"117216.74",,"0.5",,"108",,"15",
"2021","Powell River","2021A00035927","288","21496",,"20070",,"7.1",,"11921",,"11400",,"4.6",,"10057",,"9412",,"6.9",,"5067.89",,"4.2",,"212",,"24",
"2021","Skeena-Queen Charlotte","2021A00035947","289","18181",,"18133",,"0.3",,"9082",,"8911",,"1.9",,"7661",,"7413",,"3.3",,"19710.30",,"0.9",,"235",,"25",
"2021","Squamish-Lillooet","2021A00035931","290","50496",,"42665",,"18.4",,"26330",,"23965",,"9.9",,"20012",,"16416",,"21.9",,"16296.34",,"3.1",,"126",,"17",
"2021","Stikine","2021A00035957","291","683",,"740",,"-7.7",,"667",,"617",,"8.1",,"386",,"367",,"5.2",,"118408.76",,"0.0",,"293",,"29",
"2021","Strathcona","2021A00035924","292","48150",,"44671",,"7.8",,"23017",,"21681",,"6.2",,"21227",,"19610",,"8.2",,"18243.66",,"2.6",,"129",,"18",
"2021","Sunshine Coast","2021A00035929","293","32170",,"29970",,"7.3",,"17982",,"17379",,"3.5",,"14935",,"13995",,"6.7",,"3767.43",,"8.5",,"172",,"23",
"2021","Thompson-Nicola","2021A00035933","294","143680",,"132663",,"8.3",,"65065",,"62157",,"4.7",,"59885",,"55504",,"7.9",,"44347.23",,"3.2",,"48",,"6",
"2021","Yukon","2021A000260","295","40232",,"35874",,"12.1",,"19610",,"17987",,"9.0",,"17181",,"15215",,"12.9",,"472345.44",,"0.1",,,"...",,"..."
"2021","Yukon","2021A00036001","296","40232",,"35874",,"12.1",,"19610",,"17987",,"9.0",,"17181",,"15215",,"12.9",,"472345.44",,"0.1",,"149",,"1",
"2021","Northwest Territories","2021A000261","297","41070",,"41786",,"-1.7",,"17603",,"17666",,"-0.4",,"15207",,"14981",,"1.5",,"1127711.92",,"0.0",,,"...",,"..."
"2021","Region 1","2021A00036101","298","6205",,"6372",,"-2.6",,"2774",,"2741",,"1.2",,"2291",,"2248",,"1.9",,"357015.13",,"0.0",,"285",,"3",
"2021","Region 2","2021A00036102","299","2259",,"2433",,"-7.2",,"1064",,"1111",,"-4.2",,"818",,"858",,"-4.7",,"218296.94",,"0.0",,"292",,"6",
"2021","Region 3","2021A00036103","300","2650",,"2751",,"-3.7",,"862",,"861",,"0.1",,"714",,"705",,"1.3",,"24796.95",,"0.1",,"290",,"5",
"2021","Region 4","2021A00036104","301","2872",,"3160",,"-9.1",,"1474",,"1495",,"-1.4",,"1152",,"1138",,"1.2",,"193265.47",,"0.0",,"289",,"4",
"2021","Region 5","2021A00036105","302","6279",,"6980",,"-10.0",,"3055",,"3199",,"-4.5",,"2502",,"2692",,"-7.1",,"152135.92",,"0.0",,"284",,"2",
"2021","Region 6","2021A00036106","303","20805",,"20090",,"3.6",,"8374",,"8259",,"1.4",,"7730",,"7340",,"5.3",,"182201.50",,"0.1",,"216",,"1",
"2021","Nunavut","2021A000262","304","36858",,"35944",,"2.5",,"11720",,"11433",,"2.5",,"9926",,"9819",,"1.1",,"1836993.78",,"0.0",,,"...",,"..."
"2021","Kitikmeot","2021A00036208","305","6458",,"6543",,"-1.3",,"1954",,"1870",,"4.5",,"1677",,"1663",,"0.8",,"432108.00",,"0.0",,"283",,"3",
"2021","Kivalliq","2021A00036205","306","11045",,"10413",,"6.1",,"3193",,"3007",,"6.2",,"2719",,"2631",,"3.3",,"434331.16",,"0.0",,"265",,"2",
"2021","Qikiqtaaluk","2021A00036204","307","19355",,"18988",,"1.9",,"6573",,"6556",,"0.3",,"5530",,"5525",,"0.1",,"970554.61",,"0.0",,"228",,"1",


